Rank,Player,Position,Origin,Destination,On3 Valuation
1,Sam Leavitt,QB,Arizona State,LSU,4000000
2,Cam Coleman,WR,Auburn,Texas,2900000
3,Princewill Umanmielen,EDGE,Ole Miss,LSU,
4,Jordan Seaton,OT,Colorado,LSU,1700000
5,Chaz Coleman,EDGE,Penn State,Tennessee,
6,Damon Wilson II,EDGE,Missouri,Miami,
7,Drew Mestemaker,QB,North Texas,Oklahoma State,2500000
8,Jacarrius Peak,OT,NC State,South Carolina,
9,Darian Mensah,QB,Duke,Miami,2200000
10,Brendan Sorsby,QB,Cincinnati,Texas Tech,3100000
11,Caleb Hawkins,RB,North Texas,Oklahoma State,
12,John Henry Daley,EDGE,Utah,Michigan,
13,Mateen Ibirogba,DL,Wake Forest,Texas Tech,
14,Byrum Brown,QB,South Florida,Auburn,1900000
15,Melvin Siani,OT,Wake Forest,Texas,
16,Lance Heard,OT,Tennessee,Kentucky,
17,Nick Marsh,WR,Michigan State,Indiana,
18,Rasheem Biles,LB,Pittsburgh,Texas,
19,Koi Perich,S,Minnesota,Oregon,
20,Omarion Miller,WR,Colorado,Arizona State,
21,Jontez Williams,CB,Iowa State,USC,
22,Josh Hoover,QB,TCU,Indiana,2300000
23,Husan Longstreet,QB,USC,LSU,
24,Dylan Raiola,QB,Nebraska,Oregon,
25,Quincy Porter,WR,Ohio State,Notre Dame,
26,Jordan Ross,EDGE,Tennessee,LSU,
27,Hollywood Smothers,RB,NC State,Texas,
28,Ty Benefield,S,Boise State,LSU,
29,Coleton Price,IOL,Baylor,Kentucky,
30,DeAndre Moore Jr.,WR,Texas,Colorado,
31,Carius Curne,OT,LSU,Ole Miss,
32,Eric Singleton Jr.,WR,Auburn,Florida,
33,Justice Haynes,RB,Michigan,Georgia Tech,
34,Benjamin Brahmer,TE,Iowa State,Penn State,
35,Francis Brewu,DL,Pittsburgh,Notre Dame,
36,Terrell Anderson,WR,NC State,USC,
37,Wendell Gregory,EDGE,Oklahoma State,Kansas State,
38,DJ Lagway,QB,Florida,Baylor,
39,Isaiah Horton,WR,Alabama,Texas A&M,
40,Deuce Knight,QB,Auburn,Ole Miss,
41,Devan Thompkins,DL,USC,Alabama,
42,Reed Harris,WR,Boston College,Arizona State,
43,Rocco Becht,QB,Iowa State,Penn State,
44,Wilkin Formby,OT,Alabama,Texas A&M,
45,Raleek Brown,RB,Arizona State,Texas,
46,Cooper Barkate,WR,Duke,Miami,
47,Jayce Brown,WR,Kansas State,LSU,
48,Ian Strong,WR,Rutgers,Cal,
49,Luke Reynolds,TE,Penn State,Virginia Tech,
50,Wyatt Young,WR,North Texas,Oklahoma State,
51,JJ Buchanan,WR,Utah,Michigan,
52,Trell Harris,WR,Virginia,Oklahoma,
53,Rickey Gibson,CB,Tennessee,Texas A&M,
54,Smith Snowden,CB,Utah,Michigan,
55,Joe Brunner,IOL,Wisconsin,Indiana,
56,Jay Crawford,CB,Auburn,Ole Miss,344000
57,Kenny Minchey,QB,Notre Dame,Kentucky,638000
58,Hunter Welcing,TE,Northwestern,Ohio State,
59,Earl Little Jr.,S,Florida State,Ohio State,
60,Austin Simmons,QB,Ole Miss,Missouri,118000
61,Anto Saka,EDGE,Northwestern,Texas A&M,
62,Devin Harper,IOL,Ole Miss,LSU,132000
63,Tionne Gray,DL,Oregon,Notre Dame,
64,Chase Hendricks,WR,Ohio,Cal,
65,Tre Richardson,WR,Vanderbilt,Louisville,
66,Terrance Green,DL,Oregon,Alabama,
67,Chase Sowell,WR,Iowa State,Penn State,
68,Salesi Moa,ATH,Utah,Michigan,193000
69,Amaris Williams,DL,Auburn,Georgia,
70,Isiah Canion,WR,Georgia Tech,Georgia,
71,Xavier Chaplin,OT,Auburn,Florida State,514000
72,Cayden Lee,WR,Ole Miss,Missouri,
73,Bo Mascoe,CB,Rutgers,Texas,
74,Jayden Sanders,CB,Michigan,Notre Dame,109000
75,Tobi Osunsanmi,EDGE,Kansas State,Indiana,
76,James Smith,DL,Alabama,Ohio State,
77,Omar Thornton,S,Boston College,Miami,
78,Brody Foley,TE,Tulsa,Louisville,
79,Xavier Gilliam,DL,Penn State,Tennessee,
80,Parker Livingstone,WR,Texas,Oklahoma,161000
81,Tre Wisner,RB,Texas,Florida State,
82,Dashawn Womack,EDGE,Ole Miss,Auburn,206000
83,Adam Mohammed,RB,Washington,Cal,
84,Qua Russaw,LB,Alabama,Ohio State,291000
85,Eugene Wilson III,WR,Florida,LSU,
86,Ethan Grunkemeyer,QB,Penn State,Virginia Tech,
87,Bryant Williams,OT,Louisiana,Arkansas,
88,Cade Uluave,LB,Cal,BYU,
89,Boo Carter,S,Tennessee,Colorado,562000
90,Terry Moore,S,Duke,Ohio State,341000
91,Adam Trick,EDGE,Miami (OH),Texas Tech,
92,Marcus Neal,S,Iowa State,Penn State,259000
93,Samuel Omosigho,LB,Oklahoma,UCLA,
94,Elijah Barnes,LB,Texas,Kentucky,225000
95,Austin Romaine,LB,Kansas State,Texas Tech,558000
96,Ian Geffrard,DL,Arkansas,Texas,
97,Bryson Washington,RB,Baylor,Auburn,
98,Zuriah Fisher,EDGE,Penn State,USC,
99,Edwin Joseph,S,Florida State,Ole Miss,
100,Marquis Johnson,WR,Missouri,Mississippi State,
101,Malcolm Simmons,WR,Auburn,Texas Tech,
102,Robert Woodyard Jr.,LB,Auburn,Missouri,330000
103,Blake Purchase,EDGE,Oregon,Ole Miss,
104,Ahmere Foster,S,Southern Miss,Memphis,
105,Faheem Delane,S,Ohio State,LSU,182000
106,Darrell Gill,WR,Syracuse,Ole Miss,
107,James Finley,S,Northern Illinois,Illinois,
108,Jeremiah Cooper,CB,Iowa State,Penn State,469000
109,Dorian Thomas,TE,New Mexico,Cal,
110,Tre Brown,WR,Old Dominion,LSU,
111,Stephiylan Green,DL,Clemson,LSU,
112,D.J. McKinney,CB,Colorado,Notre Dame,
113,Caleb Bacon,LB,Iowa State,Penn State,
114,Brian Allen,DL,Iowa,Vanderbilt,
115,Cutter Boley,QB,Kentucky,Arizona State,1100000
116,Kamauryn Morgan,EDGE,Baylor,Missouri,
117,Mylan Graham,WR,Ohio State,Notre Dame,
118,Cole Rusk,TE,Illinois,Arizona,
119,Tomiwa Durojaiye,DL,Illinois,South Carolina,
120,Keon Keeley,EDGE,Alabama,Notre Dame,101000
121,D'antre Robinson,DL,North Carolina,Oregon,
122,E'Marion Harris,OT,Arkansas,Oklahoma,
123,Noah McKinney,IOL,Oklahoma State,TCU,
124,Que'Sean Brown,WR,Duke,Virginia Tech,
125,Aidan Chiles,QB,Michigan State,Northwestern,
126,Makhi Frazier,RB,Michigan State,Ole Miss,
127,Noah Carter,EDGE,Alabama,Georgia Tech,
128,Matthew Fobbs-White,EDGE,Baylor,Virginia,
129,Walker Lyons,TE,USC,BYU,
130,Abu Sama,RB,Iowa State,Wisconsin,
131,A.J. Harris,CB,Penn State,Indiana,
132,Keona Davis,DL,Nebraska,Miami,
133,Lawayne McCoy,WR,Florida State,Louisville,121000
134,Vandrevius Jacobs,WR,South Carolina,Miami,
135,Tawfiq Byard,S,Colorado,Texas A&M,
136,Brandyn Hillman,S,Michigan,Virginia,
137,Braden Pegan,WR,Utah State,Utah,
138,Makhi Hughes,RB,Oregon,Houston,258000
139,Michai Boireau,DL,Florida,Ole Miss,
140,Xion Chapman,DL,FIU,Minnesota,
141,Kolt Dieterich,OT,Sam Houston State,Washington,
142,Tegra Tshabola,IOL,Ohio State,Kentucky,
143,Brendan Black,IOL,Iowa State,Nebraska,
145,Elo Modozie,EDGE,Georgia,Purdue,
146,Amare Campbell,LB,Penn State,Tennessee,257000
147,Eryx Daugherty,IOL,Boston College,Louisville,
148,James Peoples,RB,Ohio State,Penn State,127000
149,Joshua Burnham,EDGE,Notre Dame,Indiana,
150,Anthony Boswell,IOL,Toledo,Houston,
151,Elijah Dotson,CB,Michigan,Missouri,133000
152,Beau Pribula,QB,Missouri,Virginia,1100000
153,Alex VanSumeren,DL,Michigan State,USC,
154,Jeremiah Koger,WR,South Florida,Auburn,
155,Ty Haywood,OT,Michigan,Alabama,364000
156,Cole Best,IOL,South Florida,Auburn,
157,Koen Entringer,S,Iowa,Louisville,
158,Caleb Herring,EDGE,Tennessee,South Carolina,
159,Winston Watkins Jr.,WR,Ole Miss,LSU,212000
160,Turbo Richard,RB,Boston College,Indiana,
161,Josh Atkins,OT,Arizona State,Missouri,
162,Owen Long,LB,Colorado State,Arizona State,
163,Dominick Kelly,CB,Georgia,Ohio State,155000
164,Katin Houser,QB,East Carolina,Illinois,
165,Owen Chambliss,LB,San Diego State,Nebraska,
166,Yannick Smith,WR,East Carolina,SMU,
167,Jonathan Pennix,CB,Southern Miss,Troy,
168,Joenel Aguero,S,Georgia,Ole Miss,
169,Jordan Renaud,DL,Alabama,Ole Miss,
170,Kayin Lee,CB,Auburn,Tennessee,
171,Emmanuel Oyebadejo,DL,Jacksonville State,Florida,
172,Gabe Burkle,TE,Iowa State,Penn State,
173,Cam Cook,RB,Jacksonville State,West Virginia,
174,Keshaun Singleton,WR,South Florida,Auburn,
175,Stanton Ramil,OT,Michigan State,Auburn,
177,Jayvontay Conner,TE,East Carolina,Vanderbilt,
178,Sahir West,DL,James Madison,UCLA,
179,James Williams,EDGE,Florida State,Oklahoma State,150000
180,Tao Johnson,S,Utah,UCLA,295000
181,Santana Hopper,DL,Tulane,Colorado,508000
182,Zion Wilson,DL,East Carolina,Virginia,
183,Noah Rogers,WR,NC State,Alabama,
184,Liona Lefau,LB,Texas,Colorado,
185,Cam Vaughn,WR,West Virginia,Miami,
186,Perry Thompson,WR,Auburn,Minnesota,
187,Joseph Simmons,OT,James Madison,Auburn,
188,Mikai Gbayor,LB,North Carolina,Florida State,
189,Khmori House,LB,North Carolina,Arkansas,
190,Aidan Mizell,WR,Florida,UCLA,
191,Jaylen Mbakwe,WR,Alabama,Georgia Tech,159000
192,Javion White,S,Tulane,Houston,
193,Theo Melin Ohrstrom,TE,Texas A&M,SMU,
194,Jack Van Dorselaer,TE,Tennessee,Oklahoma,
195,Cade Wolford,WR,Kent State,Cincinnati,
196,Chris Barnes,WR,Wake Forest,Oklahoma State,
197,Garrick Ponder,LB,Southern Miss,Baylor,
198,Jahiem Johnson,CB,Tulane,Arkansas,
199,Jordan Church,IOL,Louisville,Texas Tech,
200,Daniel Harris,CB,Georgia,Cal,
201,Anthony Colandrea,QB,UNLV,Nebraska,732000
202,Raul Aguirre,LB,Miami,NC State,
203,Colton Joseph,QB,Old Dominion,Wisconsin,
204,Ben Murawski,OT,Connecticut,Michigan State,
205,Tyler Thompson,EDGE,North Carolina,Louisville,
206,Taj White,OT,Rutgers,Colorado,
207,Danny Scudero,WR,San Jose State,Colorado,
208,Aaron Scott Jr.,CB,Ohio State,Oregon,135000
209,London Merritt,EDGE,Colorado,Clemson,
210,Ian Foster,CB,Southern Miss,Memphis,
211,Marvin Burks Jr.,S,Missouri,Wisconsin,
212,C.J. Mims,DL,North Carolina,Texas A&M,
213,Andrew Olesh,TE,Penn State,Oregon,196000
214,Shadre Hurst,IOL,Tulane,Houston,
215,Evan Pryor,RB,Cincinnati,Florida,
216,Ezra Christensen,DL,New Mexico State,Colorado,
217,Trevor Buhr,IOL,Iowa State,Penn State,
218,Andre Jordan Jr.,CB,UCLA,Auburn,
219,Chiddi Obiazor,EDGE,Kansas State,Indiana,
220,Jarquez Carter,DL,Ohio State,Miami,141000
221,Aaron Philo,QB,Georgia Tech,Florida,
222,Christian Clark,RB,Texas,South Carolina,158000
223,Iverson Hooks,WR,UAB,Oregon,
224,Jackson Harris,WR,Hawai'i,LSU,
225,Javion Hilson,EDGE,Missouri,Virginia Tech,169000
226,Horatio Fields,WR,Auburn,Ole Miss,
227,Isaac Terrell,EDGE,Washington State,Iowa State,
228,Vander Ploog,TE,Oregon,NC State,120000
229,Dylan Edwards,RB,Kansas State,Kansas,103000
230,Kobie McKinzie,LB,Oklahoma,Northwestern,
231,CJ Baxter,RB,Texas,Kentucky,275000
232,Jalen Thompson,DL,Michigan State,Arizona State,
233,T.J. Shanahan,IOL,Penn State,Florida,
234,Austin Kawecki,IOL,Oklahoma State,Wisconsin,
235,Duke Watson,RB,Louisville,UCF,
236,Malik Blocton,DL,Auburn,LSU,
237,Nick Brooks,IOL,Texas,Alabama,152000
238,T.J. Dottery,LB,Ole Miss,LSU,
239,Brett Eskildsen,WR,Iowa State,Penn State,
240,Marquise Davis,RB,Missouri,Louisville,106000
241,Kingston Lopa,S,Oregon,Cal,
242,Walter Mathis Jr.,DL,LSU,Auburn,
243,Bryson Beaver,QB,Oregon,Georgia,635000
244,Trey White,EDGE,San Diego State,Texas Tech,
245,Ray Coney,LB,Tulsa,Texas A&M,
246,Jaquez White,CB,Troy,Virginia Tech,
247,Quaysheed Scott,CB,Kentucky,South Carolina,
248,Lyndon Cooper,IOL,Pittsburgh,Vanderbilt,
249,Steven Soles,EDGE,Kentucky,Arkansas,
250,Wayne Knight,RB,James Madison,UCLA,
251,Christian Alliegro,LB,Wisconsin,Ohio State,
252,Tyree Adams,OT,LSU,Texas A&M,
253,Elijah Hill,EDGE,Kennesaw State,Kansas State,
254,Grant Seagren,OT,Oklahoma State,Northwestern,
255,Ja'Kobi Jackson,RB,Florida,Ohio State,
256,Brock Riker,IOL,Texas State,Penn State,
257,Dealyn Evans,DL,Texas A&M,Mississippi State,
258,Hayden Hansen,TE,Florida,Oklahoma,
259,Cam Dooley,S,Kentucky,Florida,
260,Jericho Johnson,DL,Oregon,Cal,
261,Randy Pittman,TE,Florida State,SMU,
262,DJ Coleman,S,Baylor,Florida,
263,Chris Graves Jr.,CB,Ole Miss,Missouri,
264,Raiden Vines-Bright,WR,Washington,Arizona State,
265,London Montgomery,RB,East Carolina,Florida,
266,Justin Bowick,WR,Illinois,Oklahoma State,
267,Carson Hansen,RB,Iowa State,Penn State,
268,Malachi Davis,EDGE,Toledo,Rutgers,
269,Emmanuel Karnley,CB,Virginia,Washington,
270,Hunter Provience,TE,Montana State,NC State,
271,T.J. Metcalf,S,Michigan,Tennessee,125000
272,King Mack,S,Penn State,NC State,
273,Sid Kaba,DL,Marshall,Minnesota,
274,Nico Brown,WR,Yale,Stanford,
275,Jelani Thurman,TE,Ohio State,North Carolina,
276,Jasper Parker,RB,Michigan,Arkansas,
277,Javonnie Gibson,WR,Oklahoma,Cincinnati,
278,Nic Anderson,WR,LSU,Kentucky,472000
279,Brendon Haygood,RB,Missouri,North Texas,
280,Nate Johnson,EDGE,Missouri,Auburn,388000
281,Shazz Preston,WR,Tulane,Indiana,
282,Kelby Collins,DL,Alabama,South Carolina,201000
283,Devin McCuin,WR,UTSA,Ohio State,
284,Joshisa Trader,WR,Miami,NC State,124000
285,Harrison Moore,IOL,Georgia Tech,Florida,
286,Jordan Washington,TE,Texas,North Carolina,159000
287,Luke Dehnicke,TE,Minnesota Duluth,Northwestern,
288,Jerrick Gibson,RB,Texas,Purdue,172000
289,Luke Harpring,TE,Georgia Tech,Florida,
290,Aiden Gobaira,EDGE,James Madison,UCLA,
291,Donovan Starr,CB,Auburn,Clemson,124000
292,Coen Echols,IOL,LSU,Texas A&M,
293,Jonte Newman,OT,Texas A&M,Texas,
294,Paki Finau,IOL,Washington,BYU,
295,Kendrick Raphael,RB,Cal,SMU,
296,TaRon Francis,WR,LSU,West Virginia,108000
297,Ricardo Jones,S,Clemson,Vanderbilt,
298,Davion Weatherspoon,IOL,Ohio,Arkansas,
299,Charles Brantley,CB,Miami,Michigan State,232000
300,Cam Chapa,S,Northern Colorado,Arizona,
301,Ma'khi Jones,S,Duke,Florida State,
303,Racin Delgatty,IOL,Cal Poly,Alabama,
304,Ben Bogle,LB,West Virginia,Arkansas,
305,Dejuan Lane,S,Penn State,Tennessee,
306,J'mond Tapp,EDGE,Southern Miss,Memphis,
307,Gideon Lampron,LB,Bowling Green,Colorado,
308,Corey Myrick,S,Southern Miss,Clemson,
309,Angelo McCullom,DL,Illinois,Texas A&M,
310,Randon Fontenette,S,Vanderbilt,Colorado,
311,Qua Moss,S,Kansas State,Tennessee,
312,Boaz Stanley,IOL,South Carolina,Purdue,
313,Taylor Tatum,RB,Oklahoma,Michigan,
314,Jaden Craig,QB,Harvard,TCU,
315,Bryce Butler,DL,Washington,Texas Tech,
316,Emmanuel Poku,OT,East Carolina,South Carolina,
317,Riley Robell,IOL,James Madison,UCLA,
318,Jerry Lawson,DL,Louisville,Oklahoma State,
319,Amaree Williams,EDGE,Florida State,Mississippi State,
320,Cole Sullivan,LB,Michigan,Oklahoma,
321,Dre'lon Miller,WR,Colorado,Baylor,
322,Nick Del Grande,OT,Coastal Carolina,Duke,
323,Kvon Sherman,LB,Toledo,UConn,
324,Malcolm Alcorn-Crowder,DL,Kansas State,SMU,
325,John Walker,DL,UCF,Ohio State,
326,Ryan McCulloch,EDGE,Cal,UCLA,
327,Michael Masunas,TE,Michigan State,Texas,
328,Khalil Barnes,S,Clemson,Georgia,
329,Keaton Thomas,LB,Baylor,Ole Miss,
330,Junior Poyser,DL,Buffalo,Wisconsin,
331,Tree Babalade,OT,South Carolina,Nebraska,
332,Ja'son Prevard,CB,Virginia,Kansas State,
333,Roger Saleapaga,TE,Oregon,BYU,
334,Johntay Cook II,WR,Syracuse,Ole Miss,168000
335,Jacob Strand,OT,Oregon State,Auburn,
336,Christian Harrison,S,Cincinnati,Arkansas,
337,Luke Work,OT,Mississippi State,Missouri,
338,Toby Anene,EDGE,North Dakota State,Colorado,
339,Ory Williams,OT,LSU,Tennessee,
340,Leon Bell,OT,Cal,Colorado,
341,Trequan Jones,RB,Old Dominion,Tulsa,
342,Jahiem White,RB,West Virginia,North Texas,
343,Elliot Washington II,CB,Penn State,Clemson,
344,TJ Bush,EDGE,Cal,Minnesota,
345,Kyran Duhon,EDGE,Oklahoma State,Tulsa,
346,Raion Strader,CB,Auburn,Pittsburgh,
347,Trent Walker,WR,Oregon State,Houston,
348,Michael Smith,TE,South Carolina,Ole Miss,
349,Michael Hurst Jr.,S,Northern Arizona,Cal,
350,Laurance Seymore,IOL,Western Kentucky,Texas,
351,Daylen Austin,CB,Oregon,Arizona,
352,Jake Renfro,IOL,Wisconsin,Illinois,
353,Tellek Lockette,IOL,Texas State,Maryland,
354,Ryan Berger,IOL,Oregon State,Wake Forest,
355,Aliou Bah,IOL,Maryland,LSU,
356,Alex Manske,QB,Iowa State,Penn State,154000
357,DJ Barksdale,CB,James Madison,UCLA,
358,Alex Perry,WR,FIU,Illinois,
359,Cai Bates,CB,Florida State,Wisconsin,
360,Caden Crawford,DL,South Dakota,Iowa State,
361,Braydon Nelson,OT,North Texas,Oklahoma State,
362,Lyrik Rawls,S,Kansas,Arizona State,
363,Kristian Phillips,IOL,Michigan State,Boston College,
364,Peyton Joseph,IOL,Georgia Tech,Oklahoma,
365,Koy Beasley,S,Miami (OH),Kansas State,
366,Jamarion Wilcox,RB,Kentucky,Marshall,
367,Kanye Udoh,RB,Arizona State,Liberty,
368,Jaden McKinney,DL,Southern Miss,Memphis,
369,Anthony Richard,CB,Southern Miss,Memphis,
371,Julius Tate,IOL,Coastal Carolina,South Florida,
373,CJ Young,LB,Kent State,Miami (OH),
374,Jeffery Rush,DL,Ole Miss,Southern Miss,
375,Jalen Mayo,CB,Stephen F. Austin,Houston,
377,Hosea Wheeler,DL,Indiana,Baylor,
378,Tyler Brown,S,James Madison,Iowa,
379,Malachi Breland,OT,Memphis,Arkansas,
380,Curt Neal,DL,Illinois,Purdue,
381,Jordan Mack,DL,Coastal Carolina,Baylor,
382,Matai Tagoa'i,LB,USC,Arizona,113000
383,Wes King,IOL,Wyoming,West Virginia,
384,JT Lindsey,RB,LSU,Ole Miss,130000
385,Harry Dalton,RB,USC,Maryland,101000
386,Kenny Soares,LB,NC State,Michigan State,
387,Thomas Johnson,EDGE,North Carolina Central,Cincinnati,
388,Quentin Taylor,CB,Iowa State,Mississippi State,
389,Braden Miller,OT,Cal,Duke,
390,L.J. Phillips Jr.,RB,South Dakota,Iowa,
391,Cam Edwards,RB,Connecticut,Michigan State,
392,Cason Henry,OT,South Carolina,Louisville,
393,Jamison Patton,S,Iowa State,Penn State,
394,Jordan Castell,S,Florida,Kentucky,
395,Taje McCoy,LB,Oklahoma State,Georgia Tech,
396,Anthony Jones,EDGE,UCLA,Nebraska,
397,Luke Kromenhoek,QB,Mississippi State,South Florida,
398,Sharif Denson,CB,Florida,Ole Miss,
399,Tre Bell,CB,Iowa State,Michigan State,
400,Micah Mays,WR,Wake Forest,Florida,
401,Jehiem Oatis,DL,Colorado,Ole Miss,
402,Trech Kekahuna,WR,Wisconsin,North Carolina,
403,Luke Ferrelli,LB,Clemson,Ole Miss,
404,Emmanuel Olagbaju,DL,North Dakota,Iowa,
405,Jordan Walker,EDGE,Rutgers,Georgia Tech,
406,Elijah Reed,CB,Akron,Utah,
407,Ashton Gray,RB,North Texas,East Carolina,
408,Jerome Carter,S,Old Dominion,Clemson,
409,Kris Jones,LB,Georgia,Boston College,
410,Cooper Alexander,TE,Iowa State,Penn State,
412,Keon Wylie,LB,Penn State,Virginia Tech,
413,Connor Stroh,IOL,Texas,Kansas,
414,Jamarrion Harkless,DL,Purdue,Kentucky,
415,DeSean Watts,DL,Sacramento State,Washington,
416,Jordan Thomas,DL,Georgia,South Carolina,
417,Ethan Wesloski,LB,North Texas,Oklahoma State,
418,Drew Terrill,OT,Miami (OH),Houston,
419,Trey Owens,QB,Texas,Arkansas State,167000
420,Jameer Grimsley,CB,Florida,Mississippi State,128000
421,Kamari Wilson,S,Memphis,West Virginia,
422,Jett Carpenter,TE,Nevada,Texas Tech,
423,Bruno Dall,EDGE,Akron,UCF,
424,Ohifame Ijeboi,RB,Minnesota,Purdue,
425,Walker Eget,QB,San Jose State,Duke,
426,Braden Smith,IOL,Tarleton State,Iowa State,
427,Robert Wright,OT,Georgia Southern,Michigan State,
428,Evan Dickens,RB,Liberty,Boston College,
429,LaJesse Harrold,EDGE,Florida State,UCF,116000
430,Brian Rowe Jr,WR,South Carolina,UCLA,
431,AJ Hill,QB,Memphis,Arkansas,227000
432,Bryce Baker,QB,North Carolina,Virginia Tech,458000
433,JaDon Blair,S,Notre Dame,Missouri,118000
434,Juice Vereen,TE,Connecticut,Colorado State,
435,Ja'Cory Thomas,WR,Old Dominion,Vanderbilt,
436,Na’eem Gladding,WR,Old Dominion,Maryland,
437,Paul Mubenga,IOL,LSU,Nebraska,
438,Ethan Day,EDGE,North Texas,Utah,
439,Larenzo Fenner,WR,South Dakota,Cincinnati,
440,Daniel Jennings,EDGE,Penn State,Virginia Tech,
441,Javen Nicholas,WR,Charlotte,Duke,
442,Rashon Myles Jr.,LB,Abilene Christian,Georgia Southern,
443,C.J. Hicks,LB,Ohio State,South Florida,128000
444,Bennett Warren,OT,Tennessee,Minnesota,
445,Brock Schott,TE,Miami,Indiana,108000
446,Jeff Exinor,WR,Penn State,Virginia Tech,
447,Deven Bryant,LB,Washington,USC,
448,Nykahi Davenport,RB,South Florida,Auburn,
449,Micah DeBose,IOL,Alabama,Vanderbilt,134000
450,Jeremiah Harrison,WR,East Tennessee State,James Madison,
451,Cameron Calhoun,CB,Alabama,Ohio State,209000
452,Bo Hughley,OT,Georgia,Colorado,
453,Tristan Ti'a,QB,Oregon State,Auburn,
454,Braydon Lee,CB,Maryland,Arkansas,
455,Antavious Richardson,WR,Notre Dame,Auburn,
456,Ernest Campbell,WR,Sacramento State,Colorado,
457,Jonah Lea'ea,DL,Utah,Michigan,
458,Matthew Outten,WR,Penn State,Syracuse,
459,Jaime Ffrench,WR,Texas,Michigan,214000
460,Jahsear Whittington,DL,Pittsburgh,Nebraska,
461,Darrin Strey,OT,Kentucky,LSU,
462,Robert Edmonson Jr.,LB,Colorado State,Illinois,
463,Tyler Miller,OT,LSU,Mississippi State,
464,Steve Chavez-Soto,RB,San Jose State,Utah,
465,CJ Richard,CB,Illinois State,Florida State,
466,Cooper Perry,WR,Oregon,Cal,130000
467,Tobi Haastrup,EDGE,Oregon,West Virginia,127000
468,Reed Swanson,WR,Colgate,Boston College,
469,Jacob Bradford,S,LSU,West Virginia,117000
470,Alex Payne,OT,USC,Virginia,103000
471,Jayvin James,OT,Mississippi State,Alabama,206000
472,Maasai King,OT,Akron,Iowa State,
473,Rocky Beers,TE,Colorado State,Oklahoma,
474,Amare' Grayson,IOL,Jacksonville State,West Virginia,
475,Caleb Cook,IOL,Georgia Southern,South Florida,
476,Chandler Strong,IOL,Georgia Southern,North Texas,
477,Talan Carter,DL,Jacksonville State,Vanderbilt,
478,Jayven Richardson,OT,Missouri,Colorado,
479,Cody Sigler,DL,Arkansas State,Auburn,
480,Arhmad Branch,WR,Purdue,South Florida,
481,Chris Jones,LB,Southern Miss,Florida State,
482,Lavon Johnson,DL,Texas,Maryland,
483,Sean Thompkins,IOL,Baylor,LSU,
484,Josh Manning,WR,Missouri,Kansas State,
485,Rondo Porter,DL,Appalachian State,Rutgers,
486,Joseph Hanson,OT,Coastal Carolina,Oklahoma State,
487,Nehemiah Chandler,CB,South Alabama,Florida State,
488,Nicco Marchiol,QB,West Virginia,Northwestern,
489,Damari Alston,RB,Auburn,Tulsa,
490,Dakoda Fields,CB,Oregon,Oklahoma,
492,Amarie Fleming,EDGE,Allen University,Texas Tech,
493,Jared Richardson,WR,Pennsylvania,Duke,
494,Lamont Lester Jr.,EDGE,Monmouth,Colorado,
495,Kylan Billiot,WR,LSU,James Madison,
496,Javante Mackey,EDGE,Arkansas State,Texas State,
497,Terron Kellman,RB,Wyoming,Liberty,
498,DJ Jordan,WR,USC,Arizona,
499,Donte Lee,WR,Liberty,Texas Tech,
500,Carsten Casady,OT,Connecticut,West Virginia,
501,Arrington Maiden,QB,Memphis,James Madison,
502,Jacob Harris,TE,Bowling Green,Wisconsin,
503,Mekhi Mason,LB,Louisiana Tech,Kansas State,
504,Tracy Revels,S,Michigan State,UConn,
505,Javan Robinson,CB,Arizona State,Wisconsin,
507,Gavin Harris,TE,New Mexico State,Georgia Tech,
508,Ju’Juan Johnson,RB,LSU,Syracuse,
509,Chance Williams,RB,Cincinnati,Charlotte,
510,Brenden Anes,LB,Tennessee,Western Michigan,
511,Tavion Wallace,LB,Arkansas,Kentucky,
513,Braden Atkinson,QB,Mercer,Oregon State,
514,Dylan Lonergan,QB,Boston College,Rutgers,
515,Justin Krueger,EDGE,William & Mary,Massachusetts,
517,Geimere Latimer,CB,Wisconsin,West Virginia,
519,Kam Davis,RB,Florida State,Liberty,
520,Keyshawn Johnson,EDGE,UT Martin,Syracuse,
521,Carde Smith,OT,Colorado,Memphis,111000
523,Jayson Jenkins,DL,Florida State,Mississippi State,
525,Vincent Firenze,S,Dayton,Wake Forest,
526,Kenny Ozowalu,EDGE,UTSA,Oklahoma,
528,Peyton Lewis,RB,Tennessee,Virginia,118000
529,Jamarion Parker,RB,Nebraska,Grambling State,
530,Naeshaun Montgomery,WR,Florida,Missouri,115000
531,Javin Gordon,RB,Tulane,Tennessee,
532,Shaun Myers,LB,Colorado,UAB,
534,Amari Odom,QB,Kennesaw State,Syracuse,
536,Jamari Hawkins,WR,Memphis,Arkansas,
537,Yasin Willis,RB,Syracuse,Kansas,
538,Jasper Beeler,S,Northern Illinois,Cincinnati,
542,Jonas Duclona,CB,South Florida,Georgia Tech,
543,Solomon Williams,EDGE,Texas A&M,Cal,
544,Alonza Barnett III,QB,James Madison,UCF,
545,Ta'Shawn James,S,Iowa State,UCLA,
546,Dawson Johnson,TE,Old Dominion,Tulane,
547,Daniel Cobbs,S,Kansas State,Baylor,
548,Preztynn Harrison,WR,Texas Tech,Howard Payne,
550,Tucker Ashcraft,TE,Wisconsin,USC,
245,Tompkins,,UNLV,Syracuse,
556,Landon Ellis,WR,James Madison,UCLA,
557,Gavin Sawchuk,RB,Florida State,Northwestern,
558,Kooper Ebel,LB,Iowa State,Penn State,
560,Cael Brezina,LB,Iowa State,Penn State,
561,Rylan Kennedy,EDGE,Texas A&M,Florida State,
562,Jalen Jones,WR,Alabama State,Texas Tech,
564,Cole Skinner,IOL,South Florida,Auburn,
565,Miles Coleman,WR,North Texas,Oklahoma State,
566,Billy Edwards Jr.,QB,Wisconsin,North Carolina,
567,Kenny Johnson,WR,Pittsburgh,Texas Tech,
569,Da'Shawn Martin,WR,Kent State,Virginia,
572,Brayden Hall,CB,Central Connecticut State,Marshall,
574,Braydon Bennett,RB,Virginia Tech,Eastern Michigan,
575,Malachi Thomas,TE,Pittsburgh,LSU,
576,Kollin Lewis,CB,North Texas,Oklahoma State,
577,JC French,QB,Georgia Southern,Cincinnati,
579,Javeon Campbell,DL,Kentucky,Alabama A&M,
582,Trent Fraley,IOL,North Dakota State,Michigan State,
583,Preston Zachman,S,Wisconsin,Indiana,
584,Beau Johnson,OT,North Dakota State,Vanderbilt,
585,Stephon Wright,DL,Connecticut,Colorado State,
586,Jay Crable,EDGE,Ohio,Florida Atlantic,
587,Dwayne McDougle,S,San Diego State,Nebraska,
588,Jojo Hayden,LB,Illinois,Purdue,
589,Nick Morrow,OT,Cal,Kansas,
590,Luke Baklenko,OT,Oklahoma,Arizona State,
591,Mekhai Smith,S,Lehigh,Minnesota,
592,Jacobie Henderson,CB,Rutgers,Virginia,
593,Gentry Williams,S,Oklahoma,Georgia,
594,Max Anderson,IOL,Tennessee,Kentucky,109000
596,Arias Nash,DL,Virginia Tech,Tulsa,
597,David Santiago,EDGE,Michigan State,Kansas,
598,Treyaun Webb,RB,Florida,Appalachian State,
599,Tavorus Jones,RB,Missouri,UTEP,
600,Jaylen Early,IOL,Missouri,Texas State,
601,Zaquan Bryan,CB,Minnesota,South Florida,
602,Carson Kent,TE,Oklahoma,Pittsburgh,
604,Markus Strong,DL,Oklahoma,Clemson,
605,Donta Simpson Jr.,DL,Miami,Missouri,
606,Jerod Smith,EDGE,Kentucky,Louisville,
607,Jacob Smith,EDGE,Kentucky,Louisville,
608,Isaiah Chisom,LB,UCLA,Oklahoma State,
609,Jonathan Echols,TE,South Florida,Auburn,
611,Kwazi Gilmer,WR,UCLA,Nebraska,
612,Chimdia Nwaiwu,OT,Stephen F. Austin,Florida State,
613,Joel Rogers,S,LSU,UTSA,
614,Anas Luqman,EDGE,Ohio,UConn,
617,Nitro Tuggle,WR,Purdue,South Carolina,102000
618,Keiton Jones,IOL,Missouri,Kansas State,
619,Logan George,EDGE,Ohio State,Washington,
620,Kyle Parker,WR,LSU,Ohio State,
622,Eli Holstein,QB,Pittsburgh,Virginia,473000
623,Lacota Dippre,TE,James Madison,Florida,
625,MJ Cannon,CB,Bowling Green,Cincinnati,
626,Dylan Flowers,CB,Western Kentucky,Duke,
627,Hunter Osborne,DL,Virginia,Arkansas,
629,Marques White,EDGE,Massachusetts,SMU,
630,Jason Maciejczak,IOL,Nebraska,Wyoming,
631,Harrison Taggart,LB,Cal,Utah State,
632,Caleb Woodson,LB,Virginia Tech,Alabama,
633,Brenden Deasfernandes,CB,Central Michigan,Northwestern,
635,Dillan Fontus,DL,Maryland,Syracuse,
640,Corey Smith,RB,Penn State,Toledo,
641,Cree Thomas,CB,Notre Dame,Colorado,
642,Jekail Middlebrook,RB,Middle Tennessee State,Virginia,
643,Aydan West,CB,Michigan State,Minnesota,
645,Jonathan Maldonado,EDGE,Nevada,Ole Miss,
648,Jaylen Bowden,CB,Minnesota,East Carolina,
651,Joseph Sipp,LB,Kansas,Florida Atlantic,
652,Braylon Rigsby,DL,Texas Tech,Oklahoma State,
653,Dante Dowdell,RB,Kentucky,Georgia,
654,Devontae Armstrong,IOL,Ohio State,Miami (OH),
655,Jayden Loftin,EDGE,Tennessee,Wisconsin,124000
657,Walker White,QB,Baylor,Central Arkansas,118000
658,Emanuel Ross,WR,Syracuse,UConn,
659,Karson Hobbs,CB,Notre Dame,Florida State,
660,Matt Henderson,TE,Penn State,Virginia Tech,
661,Durell Robinson,RB,Auburn,Colorado State,
662,Taeshawn Alston,EDGE,South Carolina,North Carolina Central,
663,Kamryn Perry,WR,Miami (OH),Colorado,
664,Nate Kibble,IOL,Texas,Baylor,
669,Esean Carter,DL,Toledo,UConn,
670,Jaylon Joseph,DL,Lafayette,Temple,
671,William Satterwhite,IOL,Tennessee,LSU,109000
672,JaMair Diaz,LB,Sam Houston State,Temple,
673,Devin Hightower,LB,UAB,Tulsa,
674,Jibreel Al-amin,LB,Marshall,Kansas,
675,Christopher Johnson,RB,SMU,Clemson,
676,Kevyn Humes,CB,Maryland,Rutgers,
677,Ja'Marley Riddle,S,East Carolina,Georgia,
678,Saboor Karriem,CB,Illinois,Temple,
679,Justin Cryer,LB,Florida State,Texas,
681,Trey Cornist,RB,Central Michigan,UConn,
682,Siale Taupaki,DL,UCLA,Penn State,
683,Nate Pabst,OT,Bowling Green,Florida State,
684,Chris Marshall,WR,Boise State,Arkansas,
685,Mylachi Williams,EDGE,Penn State,Virginia Tech,
686,Kamren Flowers,WR,Toledo,UConn,
688,Carson Gulker,ATH,Ferris State,Michigan State,
689,Evan James,WR,Furman,Iowa,
690,Broderick Shull,OT,Auburn,Oregon State,129000
691,Caldra Williford,CB,Baylor,Tulsa,
692,Ayden Jackson,CB,Georgia Southern,South Florida,
693,Seth Johnson,CB,Montana State,Iowa State,
694,Knai Cook,S,Charleston Southern,Troy,
696,Jabree Wallace-Coleman,RB,Penn State,South Carolina,
697,Kaden Strayhorn,IOL,Michigan,Alabama,
698,Chapman Lewis,S,Texas Tech,Utah State,
699,Cameron Miller,WR,Kentucky,Ole Miss,
704,Ondre Evans,CB,Georgia,NC State,102000
705,Jayden Limar,RB,Oregon,Washington,
706,Jayvon McFadden,IOL,Ohio State,Colorado,136000
707,Carl Williams,CB,Baylor,Oregon,
708,Daniel Cruz,IOL,Texas,NC State,150000
709,Brian Blades ll,CB,FIU,Wake Forest,
710,Seth Smith,OT,Northern Arizona,South Carolina,
711,Jardin Gilbert,S,LSU,Mississippi State,
713,Adrian Maddox,S,Georgia,Kansas State,
714,Troy Omeire,WR,UNLV,New Mexico,
310,Ensworth,,Richmond,Memphis,
719,Bodpegn Miller,WR,Ohio State,Washington,131000
720,Tah'j Butler,LB,Georgia Tech,Ole Miss,
722,Michael Bennett,OT,Yale,Oregon,
726,Saint Farrior,DL,Appalachian State,Auburn,
727,Bishop Thomas,DL,Georgia State,Oklahoma,
728,Devon Baxter,EDGE,Michigan,Virginia,
729,Kamar Mothudi,LB,Oregon,Cal,
730,Luke Moise,IOL,Wofford,New Mexico State,
731,Luke Moga,QB,Oregon,New Mexico,
732,Ashton Porter,EDGE,Oregon,Houston,
223,St. Michael,,Akron,Southern Miss,
735,Cash Hudson,IOL,Missouri State University,South Florida,
238,Independence,,North Carolina A&T,Massachusetts,
737,Travaris Banks,S,Ole Miss,Louisville,
739,Omillio Agard,CB,Wisconsin,Virginia,
742,Rylan Leathers,S,Idaho State,Tulsa,
743,Jalewis Solomon,CB,South Carolina,South Carolina,
745,Jason Stokes,CB,Utah,Colorado,
746,Dylan Rowsey,S,Murray State,Louisville,
748,Wondame Davis,WR,UTEP,Wake Forest,
749,Jeremiah Bailey,DL,Eastern Kentucky,UTSA,
751,Garrison Blank,OT,UCLA,Sacramento State,
752,Jamal Meriweather,OT,Georgia,Miami,
754,Desmond Umeozulu,EDGE,South Carolina,Alabama,
757,Landon Sylvie,S,Southeast Missouri State,Southern Miss,
758,Amari Wallace,S,Miami,Sacramento State,
759,Evan Lawrence,OT,Indiana,San Diego State,
760,Javon Robinson,TE,Georgia State,Utah State,
180,Center Grove,,Ohio,San Diego State,
762,Patrick Campbell,CB,Dartmouth,Virginia,
763,Josh Johnson,DL,Nicholls State,Southern Miss,
764,Mikey Munn,CB,South Dakota,Rutgers,
765,Jaylin Davies,CB,Oklahoma State,Vanderbilt,
766,Antonio Bluiett,CB,North Dakota,Utah State,
767,Sean Allison,LB,Drake,Rutgers,
769,Mark Hensley,DL,Northern Illinois,Missouri,
770,Dylan Burk,TE,Sam Houston State,UCF,
771,Mason Moore,S,Lehigh,Coastal Carolina,
772,Shamar Rigby,WR,Oklahoma State,Wisconsin,
773,Terence Roberson,OT,Ouachita Baptist University,Arkansas,
774,JeRico Washington Jr.,CB,Kennesaw State,Boise State,
775,Netinho Olivieri,OT,Pennsylvania,Pittsburgh,
776,Dante Lovett Jr.,CB,Virginia Tech,UCLA,
777,Michael Short,LB,Virginia Tech,TCU,
778,Shelton Lewis,CB,Clemson,Arkansas,
779,Malik Elzy,WR,Illinois,LSU,
780,Makai Jackson,WR,Indiana,Liberty,
781,Keyan Burnett,TE,Arizona,UNLV,
782,Josh Ford,TE,Oklahoma State,Alabama,
783,Christian Ellis,S,Virginia Tech,Virginia,
784,Jayden Gibson,WR,Oklahoma,South Carolina,
785,Ashton Stamps,CB,LSU,Arizona State,
786,Jahlil Florence,CB,Oregon,Missouri,
787,Israel Polk,WR,Akron,Oklahoma State,
788,Jibriel Conde,DL,Grand Valley State,Kansas,
789,Kahmari Brown,EDGE,Elon,Iowa,
790,Bisi Owens,WR,Pennsylvania,Purdue,
791,Josh Derry,WR,Monmouth,UCF,
792,John Neider,WR,Connecticut,West Virginia,
794,Jeremy Scott,WR,South Alabama,TCU,
795,Nick Sharpe,IOL,South Carolina,Michigan State,
796,Markell Samuel,OT,Oklahoma State,Georgia Tech,
797,Jacquon Gibson,WR,Massachusetts,Virginia,
798,Makai Saina,IOL,USC,Purdue,
799,Tayven Jackson,QB,UCF,North Texas,
800,Tony Williams,S,UCF,Kennesaw State,
801,Steve Miller,S,USC,UConn,
803,Noah King,CB,Colorado,Sacramento State,
804,Davion Gause,RB,North Carolina,NC State,
805,Miles McVay,IOL,North Carolina,Mississippi State,
806,Jake Johnson,TE,North Carolina,Auburn,
807,Isaac Wilson,QB,Utah,Colorado,
808,Jelani Watkins,WR,LSU,Arkansas,
809,Tristian Gardner,WR,Missouri State University,Coastal Carolina,
810,Donovan Grayson,DL,Samford,Coastal Carolina,
811,Brady Wayburn,IOL,Connecticut,UCF,
812,Aaron Butler,WR,Texas,Oregon State,180000
813,Mario Nash,OT,Florida State,Mississippi State,110000
814,Tae Meadows,RB,Troy,Auburn,
815,Evan Malcore,OT,Northern Illinois,Miami (OH),
816,Jaylin Lucas,RB,Florida State,Tulane,
817,Jessiah McGrew,CB,FIU,Arizona State,
818,Antonio O'Berry,EDGE,Gardner Webb,Kentucky,
819,Chad Otutu,DL,UTSA,Cincinnati,
820,Kaleb Jackson,RB,LSU,North Carolina,
821,Colby McCalister,S,Kansas State,Baylor,
822,Nik McMillan,WR,Buffalo,Kansas,
824,Hollis Davidson,TE,Auburn,Alabama A&M,
825,Kyri Shoels,WR,San Jose State,Utah,
826,DJ Warner,EDGE,SMU,Washington State,
827,JJ Kohl,QB,Appalachian State,FIU,
828,Malachi Coleman,WR,Minnesota,Wisconsin,
829,KD Daniels,RB,Florida,Wake Forest,
830,Victor Snow,WR,Buffalo,NC State,
831,Anthony Palano,LB,Washington State,Boston College,
832,Carter Miller,IOL,UCF,South Carolina,
833,Jiquan Sanks,CB,Cincinnati,Indiana,
834,Jadyn Davis,QB,Michigan,East Tennessee State,132000
835,Andrew Zock,EDGE,Mercer,Toledo,
836,Carsten Mamaril,CB,Portland State,San Diego State,
837,Andrew Threatt,IOL,Charleston Southern,North Carolina,
838,Chris D'Appolonia,LB,Toledo,Syracuse,
839,Trevon Humphrey,OT,North Carolina Central,Boston College,
840,Jake Merklinger,QB,Tennessee,UConn,134000
841,Kendel Dolby,CB,Oklahoma,Mississippi State,
842,Tank Hawkins,WR,Florida,Washington State,
843,Grayson Howard,LB,Florida,South Florida,
844,Carlon Jones,DL,USC,Arkansas,
845,Jimothy Lewis,OT,Mississippi State,Cal,
846,EJ Colson,QB,Incarnate Word,UTEP,
847,Mikah Coleman,EDGE,Cincinnati,Miami (OH),
848,Henry Fenuku,IOL,Missouri,North Texas,
849,Mason Humphrey,WR,Lehigh,North Carolina,
851,Ashten Emory,RB,UTEP,Cal,
852,Joe Hjelle,DL,Tulsa,Indiana,
853,Chas Nimrod,WR,South Florida,Auburn,
854,Jamonta Waller,LB,Auburn,Arkansas,103000
855,Malcolm Hartzog,CB,Nebraska,Arizona,
856,Hank Purvis,IOL,Purdue,South Carolina,
857,Teon Parks,CB,Colorado,TCU,
858,Ejiroghene Egodogbare,DL,Yale,Houston,
859,Brandon Best,IOL,Kennesaw State,East Carolina,
860,Xavier Townsend,WR,Iowa State,Purdue,
861,Rodney Lora,DL,UCF,Purdue,
862,Zylan Perry,RB,Louisiana,Cincinnati,
863,Harvey Dyson,EDGE,Tulane,NC State,
864,Ashton Daniels,QB,Auburn,Florida State,
865,Trevon McAlpine,DL,Tulane,Kansas,
866,Sione Laulea,CB,Oregon,Missouri,
867,Bill Davis,RB,Louisiana,Virginia Tech,
868,Air Noland,QB,South Carolina,Memphis,
869,Isaiah Autry-Dent,OT,Oklahoma,Mississippi State,
870,Tyrese Boss,CB,Wyoming,Arizona,
871,Sutton Smith,RB,Memphis,Arkansas,
873,Tristan Jernigan,LB,Texas A&M,Cal,
874,Elijah Moore,WR,Florida State,Syracuse,
877,Jimarion McCrimon,OT,East Carolina,NC State,
878,Dilin Jones,RB,Wisconsin,LSU,
879,De'Marion Thomas,DL,Oklahoma State,Houston,
880,Jovantae Barnes,RB,Oklahoma,Kentucky,
881,Jayvon Thomas,CB,Texas A&M,SMU,
882,Jaylen Raynor,QB,Arkansas State,Iowa State,
883,Shaun Boykins,WR,Louisville,Delaware State,
884,Keanu Williams,DL,UCLA,Penn State,
885,DJ Chester,IOL,LSU,Mississippi State,
886,Dallan Hayden,RB,Colorado,Memphis,
887,Samuel Okunlola,DL,Colorado,Virginia Tech,
888,Marcus Wimberly,S,Oklahoma,Utah,
889,Corey Scott,WR,West Florida,James Madison,
890,Austin Novosad,QB,Oregon,Bowling Green,
891,Lakhi Roland,CB,Maryland,Arkansas,
892,Justin Eaglin,CB,James Madison,Colorado,
893,Quinton Hammonds,S,North Texas,Oklahoma State,
894,Nnanna Anyanwu,LB,UTSA,Virginia,
895,Houston Thomas,TE,UTSA,Texas A&M,
896,Kensley Louidor-Faustin,S,Auburn,Missouri,
897,Ikenna Ezeogu,DL,Iowa State,Penn State,
899,Brandon Davis-Swain,DL,Colorado,Texas A&M,
900,Braden Awls,S,Toledo,Iowa State,
902,Donovan Haslam,IOL,West Virginia,Tennessee,
903,Troy Everett,IOL,Oklahoma,Ole Miss,
904,Cole Weaver,WR,Miami (OH),Syracuse,
905,Lucas Simmons,OT,Florida State,Wisconsin,
906,Sullivan Schlimgen,LB,Washington State,Iowa State,
907,Keviyan Huddleston,DL,North Texas,Oklahoma State,
908,Lance Ingold,EDGE,Northern Illinois,Iowa,
909,Desirrio Riles,TE,East Carolina,Florida State,
910,Christian Moss,WR,Kennesaw State,Washington,
911,Johnnie Brown,OT,Georgia Southern,Louisville,
912,Aaron Gates,CB,Florida,Kentucky,
913,Lee Molette III,S,Connecticut,Arizona,
914,Ryan Henderson,EDGE,San Diego State,Texas A&M,
915,Justus Boone,EDGE,Arkansas,Wisconsin,
916,Jackson Arnold,QB,Auburn,UNLV,752000
918,Jacob Finley,CB,Northern Illinois,Cincinnati,
919,Michael Montgomery,LB,Southern Miss,Memphis,
920,DJ Waller Jr.,S,Kentucky,Louisville,
921,Devon Jordan,CB,Oklahoma,Baylor,
922,Michael Hawkins,QB,Oklahoma,West Virginia,326000
923,Eamon Smalls,DL,UAB,Kansas,
924,Logan Howland,OT,Oklahoma,Virginia Tech,
925,Grayson Wilson,QB,Arkansas,Boston College,
926,Mark Manfred III,CB,Missouri,Kentucky,
927,Roman Tillmon,S,South Dakota,Boise State,
928,Will Hawthorne,LB,Iowa State,Nebraska,
929,Jaylen Harvey,EDGE,Penn State,North Carolina,
930,Omari Hayes,WR,Tulane,Iowa State,
931,Robert Billings,S,Clemson,Jacksonville State,
932,Bailey Stockton,WR,Georgia Tech,Florida,
933,Bryce West,CB,Ohio State,Wisconsin,135000
934,Kaleb Patterson,S,Illinois,Kansas State,
935,J'ven Williams,IOL,Penn State,Charlotte,
936,Tyler Mercer,IOL,Kansas,Oklahoma State,
937,Dominic Kirks,DL,Ohio State,Northwestern,
938,Kahlee Tafai,IOL,Minnesota,Cal,
939,Trent Wilson,IOL,James Madison,Iowa,
940,Josh Phifer,TE,James Madison,UCLA,
941,Eagan Boyer,OT,Penn State,Florida,
942,Preston Howard,TE,Auburn,Maryland,
943,Zahmir Dawud,CB,Villanova,Rutgers,
944,Richard Young,RB,Alabama,Colorado,
945,Henry Tabansi,OT,Buffalo,UCF,
946,Izaiah Williams,WR,Texas A&M,Kansas State,
947,Tychaun Chapman,WR,Southern Miss,Memphis,
948,Maurion Horn,CB,Texas Tech,Oklahoma State,
949,Tre Page,RB,Tarleton State,Oklahoma State,
950,Lavon Williams,CB,East Texas A&M Commerce,Illinois,
951,Rodney Fields,RB,Oklahoma State,Kansas State,
952,Cobey Sellers,CB,Texas A&M,Vanderbilt,
953,Joseph Ionata,IOL,Alabama,Georgia Tech,
954,Jalen Hale,WR,Alabama,SMU,
955,Naquan Crowder,DL,Marshall,Minnesota,
956,Jaylon Domingeaux,WR,Southeastern Louisiana,Wisconsin,
957,Ethan Calloway,OT,LSU,Wake Forest,
958,Jaziun Patterson,RB,Iowa,Michigan State,
959,Jordan Norman,EDGE,Tulane,Tennessee,
960,Emeka Ugorji,OT,Stanford,Florida,
961,Caleb Goodie Sr.,WR,Cincinnati,Missouri,
962,Zach Johnson,CB,Southeastern Louisiana,North Texas,
963,Linus Zunk,DL,Vanderbilt,Washington State,
964,Michael Van Buren,QB,LSU,South Florida,294000
965,Cole Adams,WR,Alabama,Vanderbilt,
966,Brady Prieskorn,TE,Michigan,Ole Miss,
967,Daveon Crouch,LB,Boston College,Kansas,
968,Davin Martin,CB,UTSA,Texas Tech,
969,Santana Alo-Tupuola,IOL,Georgia Tech,Arizona State,
970,James Chenault,CB,South Florida,Utah,
971,Dylan Manuel,DL,Appalachian State,Colorado,
972,Landen Chambers,RB,Central Arkansas,UCF,
973,Cheta Ofili,EDGE,Texas Tech,TCU,
974,Kenny Woseley,CB,Penn State,Virginia Tech,
975,Ira Singleton,EDGE,South Florida,SMU,
976,Emar'rion Winston,EDGE,Baylor,Arizona State,
977,Kyon Loud,CB,Montana State,Duke,
978,Zion Williams,DL,LSU,Texas,
979,Caleb Nitta,IOL,Western Kentucky,Oklahoma,
980,Bradyn Joiner,IOL,Purdue,Florida State,
981,Xayvion Noland,WR,The University of Texas Rio Grande Valley,Oregon State,
982,Gio Lopez,QB,North Carolina,Wake Forest,
983,Kevin Oatis,DL,Arkansas,Kansas,
984,Landon Morris,TE,Cal,Wake Forest,
985,Donovan Hoilette,DL,Richmond,North Carolina,
986,Kamren Washington,DL,Texas State,Baylor,
987,Rowan Byrne,IOL,Clemson,North Carolina,
988,Connor Cox,TE,North Carolina,Virginia,
989,Jaylen Brown,EDGE,South Carolina,LSU,
990,Cortez Harris,EDGE,Penn State,Virginia Tech,
991,Hammond Russell,DL,West Virginia,Wisconsin,
992,Cooper Blomstrom,EDGE,Georgetown,Arizona,
993,Noah Jennings,WR,Cincinnati,Minnesota,
994,Randy Adirika,DL,Penn State,Virginia Tech,
995,Richie Anderson,TE,Fresno State,Texas A&M,
996,Emory Floyd,CB,Appalachian State,Colorado,
997,Zion Kearney,WR,Oklahoma,Wisconsin,
998,Asaad Waseem,WR,Florida Atlantic,Purdue,
999,Carson Williams,CB,Montana State,Indiana,
1000,Dallas Vakalahi,DL,Utah,Penn State,
1001,Marquis Gillis,RB,Delaware State,Arizona State,
1002,Jamaal Whyce,DL,Marshall,Baylor,
1003,Gavin Freeman,WR,Oklahoma State,Baylor,
1004,Jaydan Hardy,S,Oklahoma,Colorado,103000
225,St. Joseph's Prep School,,Notre Dame,UCLA,
1007,Ja'Bree Bickham,CB,Boise State,North Texas,
1008,Maxwell Roy,DL,Ohio State,UCLA,
1009,Patrick Overmyer,TE,UTSA,Houston,
1010,Ahmad Miller,RB,Jackson State,Syracuse,
1011,Michael Troutman,IOL,Penn State,Virginia Tech,
1012,Tynean Goodwill,S,South Alabama,Cincinnati,
1013,Jartavius Flounoy,DL,Georgia State,Syracuse,
1014,Phoenix Jackson,LB,Baylor,Arkansas,
1015,CJ Jackson,EDGE,LSU,Vanderbilt,
1016,Shamar Arnoux,CB,Florida State,Auburn,
1017,Jhase McMillan,CB,Montana State,UCLA,
1018,Isaiah Cook,IOL,Delaware State,Rutgers,
1019,Everett Small,OT,Eastern Michigan,Rutgers,
1020,Marcus Harris,WR,Washington,UCLA,
1021,Jaheim Singletary,CB,Arkansas,Iowa State,139000
1022,Ian Williams,S,Memphis,Arkansas,
1023,Jordan Sanders,DL,Texas State,Florida State,
1024,Harper Holloman,EDGE,Western Kentucky,West Virginia,
1025,Gemari Sands,RB,Florida Atlantic,Florida State,
1026,Eric Mensah,DL,Ohio State,Virginia Tech,
1027,Jaden Yates,LB,Ole Miss,Houston,
1028,Ricky Fletcher,CB,Ole Miss,Cal,
1029,Keith Jones,WR,Grambling State,Penn State,
1030,Carter Stoutmire,S,Colorado,Arkansas,
1031,Jaylen Jones,CB,Georgia State,Virginia,
1032,Tony Livingston,TE,Florida,Baylor,
1033,Vili Taufatofua,EDGE,San Jose State,Colorado,
1034,Xadavien Sims,DL,Oregon,Arkansas,
1035,Malcolm Jones,S,Jacksonville State,Iowa State,
1036,Crews Law,LB,Memphis,East Carolina,
1037,Yakiri Walker,IOL,Memphis,Baylor,
1038,Kaleb Beasley,CB,Tennessee,Louisville,
1039,Solomon Beebe,RB,UAB,Virginia,
1040,Micah Harper,CB,Montana,Iowa State,
1041,C.J. May,EDGE,Louisville,Missouri,
1042,Trajen Odom,DL,Ohio State,Arkansas,
1043,Shane Carr,WR,Southern Utah,Kentucky,
1044,Evan Wibberley,IOL,Kentucky,Louisville,
1045,John Ohnegian,IOL,Bucknell,Wake Forest,
1046,Taren Hedrick,OT,Ole Miss,Auburn,
1047,TyQuez Richardson,OT,Alabama A&M,Georgia,
1048,Jake Anderson,DL,Illinois State,Wisconsin,
1049,Zack Owens,IOL,Mississippi State,Missouri,
1050,Sean Kinney,IOL,Lafayette,Colorado,
1051,Cody Haddad,S,Ohio State,Iowa,
1052,AJ Tuitele,LB,USC,Cal,
1053,Isaiah Thomison,DL,Bowling Green,Illinois,
1054,Nathaniel Staehling,LB,North Dakota State,Michigan,
1055,Alberto Mendoza,QB,Indiana,Georgia Tech,
1056,Kenneth McManus,IOL,Akron,Auburn,
1057,Jordy Lowery,CB,East Carolina,Florida,
1058,Cameron Seldon,WR,Virginia Tech,South Florida,
1059,Artavius Jones,DL,Miami,UCF,
1060,Amari Jackson,CB,Boston College,Maryland,
1061,Riley McGehee,OT,Arkansas State,Memphis,
1062,Chris Moreno,IOL,Monmouth,Middle Tennessee,
1063,Elijah McKenzie,CB,Bowie State,Liberty,
1064,Jay Harris,RB,Oregon,Kansas State,
1066,Tucker Holloway,WR,Virginia Tech,Florida Atlantic,
1069,Caleb Flagg,S,Missouri,UCF,
1071,Bubba Hampton,WR,Alabama,Oregon State,130000
1072,Brayden Fowler-Nicolosi,QB,Colorado State,Michigan,
1073,Jaylen Lloyd,WR,Oklahoma State,Florida,
1074,Joey Schlaffer,TE,Penn State,Temple,
1075,Jalen Dupree,RB,Colorado State,Kansas,
1076,Hasaan Sykes,CB,Western Carolina,Kentucky,
1077,Chris Lofton,WR,Gardner Webb,Appalachian State,
1078,Taron Dickens,QB,Western Carolina,North Carolina,
1079,Jayce Freeman,WR,Stony Brook,Temple,
1080,Zachary Betts,EDGE,Saint Francis (PA),Massachusetts,
1083,Oumar Diomande,LB,Connecticut,Colorado State,
1084,Victor Rosa,RB,Connecticut,Ohio,
1085,Cam Chadwick,CB,Connecticut,Virginia Tech,
1086,Joshua Patterson,S,Iowa State,Wake Forest,
1088,Nahzae Cox,WR,Middle Tennessee State,Kansas,
1089,Aidan Kilstrom,IOL,Harvard,Stanford,
1092,Thomas Davis,EDGE,Appalachian State,Tulsa,
1093,Victor Evans III,CB,FIU,Nebraska,
1094,Jamal Wallace,DL,Tennessee,Utah,
1095,Jesse Powell II,S,Elon,Coastal Carolina,
1096,Elijah Mc-Cantos,CB,Appalachian State,Colorado State,
1097,Gus Cordova,DL,USC,Mississippi State,
1098,Marcus Goree,S,Tennessee,Troy,
1099,Brayshawn Littlejohn,LB,Appalachian State,FIU,
1100,Landyn Cleveland,S,Oklahoma State,UNLV,
1101,Landen Clark,QB,Elon,LSU,
1102,J'Dan Burnett,EDGE,Tulsa,Rutgers,
1103,TJ Thomas,RB,Elon,Minnesota,
1104,Landyn Watson,EDGE,Kentucky,Kansas,
285,Gray Academy,,Georgia State,Western Kentucky,
1108,D'Icey Hopkins,S,Georgia State,Liberty,
1109,Caden Marshall,LB,Bowling Green,SMU,
1110,Brayden Loftin,TE,Kansas State,UCLA,
1112,Jakob Gude,S,UCF,Appalachian State,
1114,Kyan Berry-Johnson,WR,Wisconsin,Sam Houston,
220,Laguna Beach,,Minnesota,UC Davis,
1117,William Boone,OT,North Carolina,Texas State,
1118,Max Johnson,QB,North Carolina,Georgia Southern,
1119,Mister Clark,CB,FIU,Purdue,
1121,Khalil Conley,CB,North Carolina,Appalachian State,
1122,Christian Thatcher,LB,Utah,Memphis,
1124,Tolu Olajide,OT,New Hampshire,Wake Forest,
1125,Talyn Shettron,WR,Oklahoma State,Louisiana Tech,
1126,Muizz Tounkara,WR,Florida,Houston,
1127,Michael Richard,S,Louisiana Tech,Michigan State,
1128,Ahmad Breaux,EDGE,LSU,Kentucky,
1130,Jacob Fields,CB,Louisiana Tech,TCU,
1131,Darin Conley,DL,Ball State,Washington,
1132,Bryan Jackson,RB,USC,Wisconsin,
1133,Bradlee Jones,CB,The Citadel,Rutgers,
1134,Braylon Conley,CB,USC,Georgia,
1135,Paul Omodia,CB,Lamar,Colorado,
1136,Santana Wilson,CB,Texas,Louisville,
1137,Chris Durr,WR,Wyoming,Maryland,
1138,Balansama Kamara,EDGE,Albany,Colorado,
1139,Demetrius Ballard,EDGE,Buffalo,Boston College,
1140,Sawyer Siedl,RB,North Dakota,Wake Forest,
1141,Matthew Montgomery,IOL,Western Illinois,San Diego State,
1142,Donovan Faupel,WR,New Mexico State,Arkansas,
1143,Sydir Mitchell,DL,LSU,Wake Forest,
1144,Tre Griffiths,WR,Oklahoma State,Hawai'i,
1145,Jo Pierce,S,Oklahoma State,UAB,
1146,Jac'Qawn McRoy,OT,Arkansas,North Carolina,
1148,Deuce Fillmore,CB,Georgia State,Illinois,
1149,Peyton Seelmann,LB,Richmond,North Carolina,
1150,Chris Corbo,TE,Dartmouth,Georgia Tech,
1151,Jason Oliver,CB,Sacramento State,San Diego State,
1152,Tony Mitchell,S,Mississippi State,Ole Miss,
1153,Joseph Griffin Jr,WR,Wisconsin,Massachusetts,
1154,Tackett Curtis,LB,Wisconsin,UCF,
1155,Chancellor Owens,EDGE,Arizona,Texas State,
1158,Gavin Marks,IOL,Mercer,Tulane,
1159,Ray Ray Joseph,WR,Miami,East Carolina,
1160,Jaden Hamm,TE,Kansas,Arkansas State,
1162,Adjatay Dabbs,WR,Mercer,Toledo,
1168,Ade Willie,CB,Michigan State,North Carolina,
1169,Melvin Hills III,DL,Texas,UConn,
1173,Chandavian Bradley,EDGE,Oklahoma State,Coastal Carolina,
1174,Jack Pedersen,TE,UCLA,Washington State,
1175,Jamir Benjamin,CB,UCLA,Rice,
1177,A'Mon Lane-Ganus,S,Auburn,South Florida,
1178,DK Kalu,DL,Baylor,Florida,
1179,Owen Snively,IOL,Eastern Michigan,Boston College,
1180,Jon Jon Kamara,LB,Kansas,Wisconsin,
1181,Kenny Odom,WR,UTEP,South Florida,
1183,Amarion Fortenberry,CB,Kansas State,South Florida,
1186,Mario Sanders,WR,Illinois,Southern Miss,
1187,DeAndre Carter,IOL,Auburn,Iowa State,
1188,Favour Edwin,OT,Auburn,Georgia Tech,
1190,Malcolm Ziglar,S,North Carolina,South Florida,
1191,Kenny Worthy,S,Washington State,Cincinnati,
1192,Jovan Clark,LB,Washington State,Ball State,
1193,Kaylib Singleton,S,Syracuse,Mississippi State,
1194,AJ Swann,QB,Appalachian State,Mississippi State,
1195,Derrick LeBlanc,DL,UCF,Maryland,
1198,Aaron Karas,OT,Colorado State,Memphis,
1199,Leroy Bryant,CB,Washington,Stanford,
1200,Cody Jackson,WR,Tarleton State,Iowa State,
1201,Stone Saunders,QB,Kentucky,San Diego State,
1202,Tanner Morley,IOL,Colorado State,Kansas State,
1203,Prince Strachan,WR,USC,West Virginia,
1204,Jayden Davis,CB,Fresno State,UConn,
1206,Ny Carr,WR,Miami,Wake Forest,
1207,TJ Branch,S,Colorado,UCF,
1208,Jaden Jones,EDGE,Florida State,Missouri,
1209,Marcus Mascoll,OT,Florida,Georgia State,
1210,Trovon Baugh,IOL,South Carolina,Texas A&M,
1211,Colin Hurley,QB,LSU,Michigan,
1213,Carmelo O'neal,S,Mercer,Alabama,
1214,Nuku Mafi,OT,Oklahoma State,Purdue,
1215,Jordan Mosley,WR,Mississippi State,Colorado State,
1218,Vincent Carroll-Jackson,DL,Connecticut,Georgia Tech,
1219,Justius Lowe,WR,Oregon,San Diego State,
1221,Fred Gaskin III,S,South Florida,Auburn,
1224,Rickey Stewart Jr.,RB,Texas,Stephen F. Austin,
1225,Raycine Guillory,RB,Utah,LSU,
1226,Dominic Wiseman,DL,South Alabama,Kentucky,
1227,Zachary Henning,IOL,Washington,Arizona,
1228,Eric Fletcher,CB,Oklahoma State,Wisconsin,
1229,Dylan Sikorski,IOL,Oregon State,Texas,
1230,Alexander McPherson,EDGE,Colorado,Penn State,
1231,Ricky Lee,CB,Sacramento State,Middle Tennessee,
1232,Darius Cannon,WR,Murray State,Jacksonville State,
1233,Devin Vass,IOL,Kansas State,West Virginia,
1234,David McComb,QB,Kansas,Miami (OH),
1236,Daelen Alexander,RB,Rice,Coastal Carolina,
1238,Christian Hudson,DL,Colorado,Boston College,
1239,Jalen Butler,TE,Old Dominion,Kansas,
1240,Tawfiq Thomas,DL,Colorado,Georgia Tech,
1241,Tyler Brown,IOL,Colorado,James Madison,
1244,Taebron Bennie-Powell,S,Notre Dame,Boise State,
1245,Everett Roussaw,LB,Memphis,Arizona,
1247,Saadiq Clements,DL,North Texas,Oklahoma State,
1248,Dwight Bootle II,CB,Charlotte,Arizona,
1249,Leland Smith,WR,San Jose State,UCLA,
1251,Christian Ross,TE,Memphis,Miami (OH),
1252,Matt Adcock,TE,Memphis,Arkansas,
1255,Shamar Meikle,EDGE,Oregon State,South Florida,
1256,David Avit,RB,Villanova,Arizona State,
1257,Maarten Woudsma,IOL,Old Dominion,Memphis,
1258,Keith Williams,LB,Cornell,North Dakota State,
1259,Marcos Davila,QB,Nebraska,Abilene Christian,
1261,Kaden Helms,TE,Oklahoma,Minnesota,
1263,Bryce Anderson,TE,Memphis,Marist,
1266,Mason Ellens,S,Iowa State,Miami (OH),
1267,Ben Minich,S,Notre Dame,Miami (OH),
1270,Zakiah Saez,LB,Oregon State,UConn,
1272,Jacob Sexton,IOL,Oklahoma,Oklahoma State,
1274,Alex Honig,TE,Connecticut,Northwestern,
1275,Josh Ehrlich,QB,Susquehanna University,UNC Pembroke,
1276,Jordan Pride,S,Texas A&M,Southern Miss,106000
1277,Harry Stewart,RB,Kansas,Boise State,
1280,Will Tompkins,OT,Iowa State,Penn State,
1281,Braylon McReynolds,RB,Louisiana Monroe,UAB,
1282,Kanye Clark,S,UCLA,Florida,
1283,Royal Capell,WR,Oklahoma State,UTEP,
1284,Johnny Dickson,IOL,North Texas,Oklahoma State,
1285,Chris Johnson,CB,Arizona State,Montana,
1286,Cole Rhett,OT,Toledo,Baylor,
1287,Myles Norwood,CB,South Carolina,Louisville,
1288,JK Johnson,CB,Oklahoma State,Florida Atlantic,
1290,Ayo Adeyi,RB,James Madison,Oklahoma State,
1291,Lloyd Avant,RB,Colorado State,Oklahoma,
1292,Logan Moore,OT,UAB,Baylor,
1293,Brycen Scott,CB,Elon,Louisville,
1294,Manasse Itete,IOL,Florida State,Arkansas State,
1295,Desmond Magiya,OT,North Texas,Oklahoma State,
1296,Terrence Lewis,WR,North Texas,Oklahoma State,
1297,Zach Ruffin,LB,Southern Miss,Memphis,
1299,Christian Richter,OT,Marshall,UConn,
1300,Mason Williams,TE,Ohio,Ohio State,
1301,Cary Grant,S,Charlotte,Appalachian State,
1302,Trever Jackson,QB,Arkansas,Coastal Carolina,
1303,Anthony Hawkins,S,Villanova,Iowa,
1304,Trey McDonald,LB,Virginia,Memphis,
1305,Austin Ramsey,DL,Kentucky,Kansas State,
1307,Jailen Duffie,CB,North Dakota State,UCF,
1308,Jaheim Buchanon,IOL,FIU,TCU,
1309,Kari Jackson,LB,Penn State,Toledo,
1310,Kalen Carroll,CB,Central Michigan,TCU,
1311,Xavier Styles,S,Robert Morris,Iowa,
1312,Jaden Allen,TE,Fordham,Central Michigan,
1314,Patrick Smith-Young,S,North Texas,Duke,
1315,Demeco Kennedy,DL,Purdue,Louisville,
1316,Arlis Boardingham,TE,Bowling Green,Auburn,
1319,Johnny Williams IV,OT,Missouri,North Texas,
1320,Tre Mittman,CB,North Carolina A&T,Georgia State,
1321,Dylan Senda,IOL,Auburn,Toledo,
1322,Troy Stellato,WR,Kentucky,UNLV,
1323,Jeremiah Jordan,S,Memphis,UAB,
1324,Bekkem Kritza,QB,Penn State,Alabama A&M,
1325,JJ Shelton,LB,Arkansas,Baylor,
1326,Evan Jackson,S,North Texas,Oklahoma State,
1328,Kuol Kuol,OT,Iowa State,Penn State,
1331,Omarion Davis,S,Boston College,Penn State,
1333,Carter Guillaume,IOL,Louisville,Oregon State,
1334,Miles O'Neill,QB,Texas A&M,North Carolina,
1337,Michael Diatta,DL,Oklahoma State,Vanderbilt,
1338,Darren Morris,WR,Southern University,Boise State,
1339,Hayes Creel,OT,Southern Miss,East Carolina,
1340,Kaden Saunders,WR,Penn State,Southern Miss,
1342,Travis Terrell,RB,Jackson State,Purdue,
1343,Xavier Porter,DL,Louisville,South Alabama,
1345,Zeon Chriss-Gremillion,QB,Houston,Tulane,
1346,Kavion Henderson,DL,Arkansas,Troy,
1348,Landon Sides,WR,North Texas,East Carolina,
1349,Maliek Hawkins,CB,Oklahoma,West Virginia,
1351,Darrius Clemons,WR,Oregon State,Washington State,
1352,Davian Jackson,WR,Mississippi State,Texas State,
1354,Rico Flores Jr.,WR,UCLA,Virginia,
1355,Brandon High,RB,Cal,UTSA,
1356,Kam Anthony,TE,Ball State,Rutgers,
1357,Devin Brown,QB,Cal,Weber State,332000
1359,Asani Redwood,DL,West Virginia,South Florida,
1360,Mercer Luniewski,IOL,Michigan State,San Diego State,
1361,Charlton Luniewski,OT,Michigan State,San Diego State,
1362,Jaylen Henderson,QB,West Virginia,Liberty,
1363,Jake Taylor,IOL,Oklahoma,Iowa State,
1364,Austin Carlisle,QB,Houston,Louisiana Monroe,
1365,Renick Dorilas,CB,Rutgers,UConn,
1366,Sultan Badmus,EDGE,Temple,Arkansas State,
1367,K.J. Miles,DL,Temple,Memphis,
1368,Hauss Hejny,QB,Oklahoma State,Colorado State,
1369,Dillon Tatum,CB,Northwestern,Miami (OH),
1372,Chance Robinson,WR,Miami,NC State,
1373,Christian Neptune,WR,South Florida,Auburn,
1374,Sam Williams-Dixon,RB,Ohio State,South Carolina,
1376,LJ Prudhomme,IOL,Arkansas,Mississippi State,
1379,Rickie Collins,QB,Syracuse,Kennesaw State,
1380,Damarion Witten,WR,Ohio State,Miami (OH),
1381,Alex Taylor,WR,North Carolina,Georgia Southern,
1382,Kyler Kasper,WR,Oregon,BYU,
1383,Destyn Hill,WR,LSU,Tulane,
1384,Ashton Lepo,OT,Michigan State,Oklahoma State,
1385,Nader Chirchi,TE,Connecticut,Colorado State,
1387,Jack Janikowski,EDGE,Washington State,Iowa State,
1388,Bryson Lamb,DL,Washington State,Iowa State,
1391,Jaylen George,DL,Nebraska,Tulsa,
1392,Michael Allen,RB,Marshall,East Carolina,
1393,Roderick Robinson II,RB,Georgia,UAB,
1394,Keshawn Hayden,DL,Central Michigan,Eastern Kentucky,
1395,Armstrong Nnodim,DL,Oklahoma State,Penn State,
1397,Cole Gonzales,QB,Pittsburgh,Charlotte,
1398,Armani Winfield,WR,Colorado State,South Florida,
1399,Dayne Arnett,IOL,Ferris State,South Carolina,
300,Hillcrest,,New Mexico State,Utah State,
1401,Kamari Burns,EDGE,Cincinnati,Kansas State,
1402,Tyler Fortenberry,TE,Arkansas State,Iowa State,
1403,Eddy Smith,EDGE,Texas Tech,UTSA,
